{"cameraMode":{"drawMode":0,"name":"Shaded","section":"Shading Mode"},"sceneLighting":true,"audioPlay":false,"sceneViewState":{"m_AlwaysRefresh":false,"showFog":true,"showSkybox":true,"showFlares":true,"showImageEffects":true,"showParticleSystems":true,"showVisualEffectGraphs":true,"m_FxEnabled":true},"in2DMode":false,"pivot":{"x":-0.12799698114395142,"y":0.5757880210876465,"z":1.4692515134811402},"rotation":{"x":-0.19482366740703584,"y":0.03618179261684418,"z":-0.007192634977400303,"w":-0.9801616668701172},"size":3.043928384780884,"orthographic":true}