{"cameraMode":{"drawMode":0,"name":"Shaded","section":"Shading Mode"},"sceneLighting":true,"audioPlay":false,"sceneViewState":{"m_AlwaysRefresh":false,"showFog":true,"showSkybox":true,"showFlares":true,"showImageEffects":true,"showParticleSystems":true,"showVisualEffectGraphs":true,"m_FxEnabled":true},"in2DMode":false,"pivot":{"x":0.005048863589763641,"y":-0.09743952006101608,"z":-0.07530073821544647},"rotation":{"x":-0.1697390377521515,"y":-0.820787787437439,"z":0.4482128620147705,"w":-0.31092941761016848},"size":0.12540879845619203,"orthographic":true}