{"cameraMode":{"drawMode":0,"name":"Shaded","section":"Shading Mode"},"sceneLighting":true,"audioPlay":false,"sceneViewState":{"m_AlwaysRefresh":false,"showFog":true,"showSkybox":true,"showFlares":true,"showImageEffects":true,"showParticleSystems":true,"showVisualEffectGraphs":true,"m_FxEnabled":true},"in2DMode":false,"pivot":{"x":-0.5711454153060913,"y":-0.25941410660743716,"z":0.5864505171775818},"rotation":{"x":-0.14286784827709199,"y":0.8218733668327332,"z":-0.23544251918792725,"w":-0.49870383739471438},"size":0.20498031377792359,"orthographic":true}