{"cameraMode":{"drawMode":0,"name":"Shaded","section":"Shading Mode"},"sceneLighting":true,"audioPlay":false,"sceneViewState":{"m_AlwaysRefresh":false,"showFog":true,"showSkybox":true,"showFlares":true,"showImageEffects":true,"showParticleSystems":true,"showVisualEffectGraphs":true,"m_FxEnabled":true},"in2DMode":false,"pivot":{"x":-0.09137842804193497,"y":-0.14958474040031434,"z":0.6065466403961182},"rotation":{"x":0.11470147222280503,"y":0.7377241253852844,"z":-0.1296747475862503,"w":0.6525338292121887},"size":1.1203656196594239,"orthographic":true}